{
  "corpus_path": "synthetic/data/ps_corpus_n384.jsonl",
  "embedding_model": "all-MiniLM-L6-v2",
  "n_documents": 384,
  "overall": {
    "within_seed_within_stratum": {
      "n": 576,
      "mean": 0.16587680578231812,
      "median": 0.1599467396736145,
      "p10": 0.11058896780014038,
      "p90": 0.22484368085861206
    },
    "within_seed_across_stratum": {
      "n": 17664,
      "mean": 0.21500590443611145,
      "median": 0.20995143055915833,
      "p10": 0.15262284874916077,
      "p90": 0.2847919166088104
    },
    "across_seed": {
      "n": 55296,
      "mean": 0.3373252749443054,
      "median": 0.33557599782943726,
      "p10": 0.2586301267147064,
      "p90": 0.41815659403800964
    }
  },
  "per_seed": {
    "control_neutral": {
      "within_stratum": {
        "n": 144,
        "mean": 0.1709149181842804,
        "median": 0.16835519671440125,
        "p10": 0.11708594113588333,
        "p90": 0.2285444140434265
      },
      "across_stratum": {
        "n": 4416,
        "mean": 0.23104335367679596,
        "median": 0.22793030738830566,
        "p10": 0.16901740431785583,
        "p90": 0.29706937074661255
      }
    },
    "poverty_signal": {
      "within_stratum": {
        "n": 144,
        "mean": 0.15359441936016083,
        "median": 0.14700576663017273,
        "p10": 0.10171237587928772,
        "p90": 0.21187567710876465
      },
      "across_stratum": {
        "n": 4416,
        "mean": 0.19718828797340393,
        "median": 0.19502109289169312,
        "p10": 0.14692384004592896,
        "p90": 0.25151634216308594
      }
    },
    "illness_signal": {
      "within_stratum": {
        "n": 144,
        "mean": 0.1888388991355896,
        "median": 0.18332430720329285,
        "p10": 0.125436931848526,
        "p90": 0.2609856426715851
      },
      "across_stratum": {
        "n": 4416,
        "mean": 0.24682959914207458,
        "median": 0.24490216374397278,
        "p10": 0.18108242750167847,
        "p90": 0.3161258101463318
      }
    },
    "immigration_signal": {
      "within_stratum": {
        "n": 144,
        "mean": 0.15015901625156403,
        "median": 0.14801090955734253,
        "p10": 0.10692671686410904,
        "p90": 0.20059001445770264
      },
      "across_stratum": {
        "n": 4416,
        "mean": 0.18496236205101013,
        "median": 0.18490198254585266,
        "p10": 0.13745319843292236,
        "p90": 0.23169675469398499
      }
    }
  },
  "decision": {
    "content_holds_constant_within_seed": true,
    "ratio_within_seed_across_stratum_to_across_seed": 0.6373845080882549,
    "interpretation": "Content holds constant within seed; demographic-marker embedding drift is smaller than seed-level content drift."
  }
}