{
  "source_csv": "out_n384/audit_1/audit_1_per_applicant_scores.csv",
  "top_frac": 0.2,
  "bootstrap_reps": 1000,
  "score_columns": [
    "score_baseline",
    "score_mitigated"
  ],
  "results_per_score_col": {
    "score_baseline": {
      "gender": {
        "axis": "gender",
        "group_0_label": "Female",
        "group_1_label": "Male",
        "n_group0": 192,
        "n_group1": 192,
        "selection_rate_group0": 0.21354166666666666,
        "selection_rate_group1": 0.1875,
        "disparate_impact": 1.1388888888888888,
        "statistical_parity_difference": 0.026041666666666657,
        "bootstrap_di_point": 1.0810810810810811,
        "bootstrap_di_ci_lo": 0.711111111111111,
        "bootstrap_di_ci_hi": 1.6551724137931036,
        "bootstrap_n_reps": 1000,
        "permutation_p_value": 0.5206479352064793,
        "permutation_n_perms_valid": 10000
      },
      "race": {
        "axis": "race",
        "group_0_label": "non-White",
        "group_1_label": "White",
        "n_group0": 288,
        "n_group1": 96,
        "selection_rate_group0": 0.21180555555555555,
        "selection_rate_group1": 0.16666666666666666,
        "disparate_impact": 1.2708333333333335,
        "statistical_parity_difference": 0.045138888888888895,
        "bootstrap_di_point": 1.2708333333333335,
        "bootstrap_di_ci_lo": 0.8333333333333333,
        "bootstrap_di_ci_hi": 2.2333333333333334,
        "bootstrap_n_reps": 1000,
        "permutation_p_value": 0.27207279272072793,
        "permutation_n_perms_valid": 10000
      },
      "school_tier": {
        "axis": "school_tier",
        "group_0_label": "lower-resource",
        "group_1_label": "top-tier",
        "n_group0": 256,
        "n_group1": 128,
        "selection_rate_group0": 0.19140625,
        "selection_rate_group1": 0.21875,
        "disparate_impact": 0.875,
        "statistical_parity_difference": -0.02734375,
        "bootstrap_di_point": 0.875,
        "bootstrap_di_ci_lo": 0.5694444444444444,
        "bootstrap_di_ci_hi": 1.3333333333333333,
        "bootstrap_n_reps": 1000,
        "permutation_p_value": 0.5925407459254075,
        "permutation_n_perms_valid": 10000
      }
    },
    "score_mitigated": {
      "gender": {
        "axis": "gender",
        "group_0_label": "Female",
        "group_1_label": "Male",
        "n_group0": 192,
        "n_group1": 192,
        "selection_rate_group0": 0.20833333333333334,
        "selection_rate_group1": 0.19270833333333334,
        "disparate_impact": 1.0810810810810811,
        "statistical_parity_difference": 0.015625,
        "bootstrap_di_point": 1.0810810810810811,
        "bootstrap_di_ci_lo": 0.711111111111111,
        "bootstrap_di_ci_hi": 1.6551724137931036,
        "bootstrap_n_reps": 1000,
        "permutation_p_value": 0.7103289671032896,
        "permutation_n_perms_valid": 10000
      },
      "race": {
        "axis": "race",
        "group_0_label": "non-White",
        "group_1_label": "White",
        "n_group0": 288,
        "n_group1": 96,
        "selection_rate_group0": 0.21180555555555555,
        "selection_rate_group1": 0.16666666666666666,
        "disparate_impact": 1.2708333333333335,
        "statistical_parity_difference": 0.045138888888888895,
        "bootstrap_di_point": 1.2708333333333335,
        "bootstrap_di_ci_lo": 0.7826086956521738,
        "bootstrap_di_ci_hi": 2.5185185185185186,
        "bootstrap_n_reps": 1000,
        "permutation_p_value": 0.27087291270872915,
        "permutation_n_perms_valid": 10000
      },
      "school_tier": {
        "axis": "school_tier",
        "group_0_label": "lower-resource",
        "group_1_label": "top-tier",
        "n_group0": 256,
        "n_group1": 128,
        "selection_rate_group0": 0.19140625,
        "selection_rate_group1": 0.21875,
        "disparate_impact": 0.875,
        "statistical_parity_difference": -0.02734375,
        "bootstrap_di_point": 0.7833333333333333,
        "bootstrap_di_ci_lo": 0.5405405405405406,
        "bootstrap_di_ci_hi": 1.173913043478261,
        "bootstrap_n_reps": 1000,
        "permutation_p_value": 0.5888411158884111,
        "permutation_n_perms_valid": 10000
      }
    }
  }
}